<?xml version="1.0" encoding="UTF-8"?>
<con:soapui-project id="3b4b72d8-48ae-4599-8bb6-791ab3e68489" activeEnvironment="Default" name="apm-labs" resourceRoot="${projectDir}" soapui-version="5.5.0" abortOnError="false" runType="SEQUENTIAL" xmlns:con="http://eviware.com/soapui/config"><con:settings/><con:interface xsi:type="con:RestService" id="2f340475-4629-4a34-a343-b83f98e644d1" wadlVersion="http://wadl.dev.java.net/2009/02" name="http://localhost:3000" type="rest" xmlns:xsi="http://www.w3.org/2001/XMLSchema-instance"><con:settings/><con:definitionCache type="TEXT" rootPart=""/><con:endpoints><con:endpoint>http://localhost:3000</con:endpoint></con:endpoints><con:resource name="Users" path="/users" id="4a0c761d-e5d9-48fc-9606-ddba78092e68"><con:settings/><con:parameters/><con:method name="Users 1" id="7027ea14-d3cc-47f1-8c4a-812699a34e13" method="GET"><con:settings/><con:parameters/><con:representation type="RESPONSE"><con:mediaType>application/json; charset=utf-8</con:mediaType><con:status>200</con:status><con:params/><con:element>Response</con:element></con:representation><con:request name="Request 1" id="64f832c1-6176-4743-b761-3f39bea0b26f" mediaType="application/json"><con:settings/><con:endpoint>http://localhost:3000</con:endpoint><con:request/><con:credentials><con:authType>No Authorization</con:authType></con:credentials><con:jmsConfig JMSDeliveryMode="PERSISTENT"/><con:jmsPropertyConfig/><con:parameters/></con:request></con:method></con:resource></con:interface><con:testSuite id="1304afd0-40d7-4ac3-9217-a1be6c06568a" name="cenario-04"><con:settings/><con:runType>SEQUENTIAL</con:runType><con:testCase id="686daec4-52ce-4083-9625-b3273cd36841" failOnError="true" failTestCaseOnErrors="true" keepSession="false" maxResults="0" name="REST JSON GET /users TestCase" searchProperties="true"><con:description>TestCase generated for REST Resource [Users] located at [/users]</con:description><con:settings/><con:testStep type="restrequest" name="Request GET /users REST Test Request" id="d21b0e20-6fab-45f4-9e01-00131dd64a9d"><con:settings/><con:config service="http://localhost:3000" resourcePath="/users" methodName="Users 1" xsi:type="con:RestRequestStep" xmlns:xsi="http://www.w3.org/2001/XMLSchema-instance"><con:restRequest name="Request GET /users REST Test Request" id="64f832c1-6176-4743-b761-3f39bea0b26f" mediaType="application/json"><con:settings><con:setting id="com.eviware.soapui.impl.wsdl.WsdlRequest@request-headers">&lt;xml-fragment/></con:setting></con:settings><con:endpoint>http://localhost:3000</con:endpoint><con:request/><con:originalUri>http://localhost/users</con:originalUri><con:credentials><con:authType>No Authorization</con:authType></con:credentials><con:jmsConfig JMSDeliveryMode="PERSISTENT"/><con:jmsPropertyConfig/><con:parameters/></con:restRequest></con:config></con:testStep><con:loadTest id="8943f1e1-18ad-4de8-97a3-a683ee76f0c2" name="LoadTest 1"><con:settings><con:setting id="HttpSettings@close-connections">false</con:setting></con:settings><con:threadCount>5</con:threadCount><con:startDelay>0</con:startDelay><con:sampleInterval>250</con:sampleInterval><con:calculateTPSOnTimePassed>true</con:calculateTPSOnTimePassed><con:resetStatisticsOnThreadCountChange>true</con:resetStatisticsOnThreadCountChange><con:historyLimit>-1</con:historyLimit><con:testLimit>60</con:testLimit><con:limitType>TIME</con:limitType><con:loadStrategy><con:type>Simple</con:type></con:loadStrategy><con:assertion type="Step Status" name="Step Status"/><con:maxAssertionErrors>100</con:maxAssertionErrors><con:cancelExcessiveThreads>true</con:cancelExcessiveThreads><con:strategyInterval>500</con:strategyInterval></con:loadTest><con:properties/></con:testCase><con:properties/></con:testSuite><con:properties/><con:wssContainer/><con:oAuth2ProfileContainer/><con:oAuth1ProfileContainer/><con:sensitiveInformation/></con:soapui-project>